,i,domain,conclusion_type,is_single_premise,statistic,pvalue
0,0,Birds,General,False,0.17230302852501117,0.08648957447001374
1,0,Birds,General,True,0.7991304347826085,2.8260661580014922e-06
2,0,Birds,Specific,False,0.3473327469950195,0.00039928291700839743
3,0,Birds,Specific,True,0.5608027359795041,3.909706066021934e-15
4,0,Mammals,General,False,0.22553569612469285,0.024060970705073497
5,0,Mammals,General,True,0.7295652173913043,5.223689984061561e-05
6,0,Mammals,Specific,False,0.7224935250008654,2.160721380711181e-17
7,0,Mammals,Specific,True,0.807640117485653,7.601771632582841e-38
8,0,Vehicles,General,False,0.30951301596399966,0.001727109322452428
9,0,Vehicles,General,True,0.9304347826086956,4.6011084183702904e-11
10,0,Vehicles,Specific,False,0.6811971765313588,6.236832291858305e-15
11,0,Vehicles,Specific,True,0.8195599238206467,5.033790240862668e-41
12,1,Birds,General,False,0.269350040407031,0.006730106732285463
13,1,Birds,General,True,0.5869565217391304,0.0025685296168339333
14,1,Birds,Specific,False,0.3227845832728079,0.0010551161947757375
15,1,Birds,Specific,True,0.6114673035060049,2.130244965640411e-18
16,1,Mammals,General,False,0.2617229836334146,0.008529901695263908
17,1,Mammals,General,True,0.7991304347826085,2.8260661580014922e-06
18,1,Mammals,Specific,False,0.7991026010927914,2.2063456773743265e-23
19,1,Mammals,Specific,True,0.7997732431490583,1.267326871209385e-36
20,1,Vehicles,General,False,0.3823002333218713,8.66843779277868e-05
21,1,Vehicles,General,True,0.9530434782608694,6.782015103410835e-13
22,1,Vehicles,Specific,False,0.7481580411186393,3.711961202502298e-19
23,1,Vehicles,Specific,True,0.8023754882946977,3.7779329149567396e-38
24,2,Birds,General,False,0.14264313850241375,0.15684918939606615
25,2,Birds,General,True,0.7930434782608695,3.806559355289638e-06
26,2,Birds,Specific,False,0.32060626827770006,0.0011457626539561959
27,2,Birds,Specific,True,0.5906648204746909,5.466333642791493e-17
28,2,Mammals,General,False,0.2504923812735038,0.011949165340046098
29,2,Mammals,General,True,0.7906066723101097,4.2769380787735324e-06
30,2,Mammals,Specific,False,0.7683815940686359,1.051434973523947e-20
31,2,Mammals,Specific,True,0.7964305120987212,4.034165970804184e-36
32,2,Vehicles,General,False,0.3752968271557227,0.00011937459656717635
33,2,Vehicles,General,True,0.9269565217391305,7.741111400753593e-11
34,2,Vehicles,Specific,False,0.7788291866219688,1.4429271589864196e-21
35,2,Vehicles,Specific,True,0.8439841735934585,1.1018142370467829e-45
36,3,Birds,General,False,0.08968194027242554,0.3748991415507187
37,3,Birds,General,True,0.7782608695652173,7.546742743219032e-06
38,3,Birds,Specific,False,0.2915935036242684,0.003244977012267877
39,3,Birds,Specific,True,0.5241258579025371,4.2640867621543896e-13
40,3,Mammals,General,False,0.25184824933323124,0.011481154343893308
41,3,Mammals,General,True,0.6939130434782607,0.00016935055735524374
42,3,Mammals,Specific,False,0.6641936419431758,4.9536973812670095e-14
43,3,Mammals,Specific,True,0.8080779884809224,6.475128731597637e-38
44,3,Vehicles,General,False,0.37713279432101365,0.00010984595997364003
45,3,Vehicles,General,True,0.9504347826086955,1.2143629807472533e-12
46,3,Vehicles,Specific,False,0.8175537791658047,3.169995430345185e-25
47,3,Vehicles,Specific,True,0.8551714568318499,4.2833843307766756e-48
48,4,Birds,General,False,-0.012320027623802184,0.9031715041791157
49,4,Birds,General,True,0.6686956521739129,0.0003540118899656703
50,4,Birds,Specific,False,0.42862503259110757,8.624412608720947e-06
51,4,Birds,Specific,True,0.5768697202460819,4.1477628419929907e-16
52,4,Mammals,General,False,0.16531612810921645,0.10023661215136434
53,4,Mammals,General,True,0.7582608695652173,1.76264518234738e-05
54,4,Mammals,Specific,False,0.7336714649705454,3.898591789553631e-18
55,4,Mammals,Specific,True,0.8078411000173177,7.062528140699241e-38
56,4,Vehicles,General,False,0.4004191280750695,3.660257048011803e-05
57,4,Vehicles,General,True,0.9617391304347825,7.423994544863277e-14
58,4,Vehicles,Specific,False,0.7622724754829923,3.202615294040391e-20
59,4,Vehicles,Specific,True,0.8161914796237626,1.9458627990440145e-40
60,5,Birds,General,False,0.05625628160984262,0.578258329154695
61,5,Birds,General,True,0.7321739130434782,4.7591568172706846e-05
62,5,Birds,Specific,False,0.31657049913733787,0.0013326482025568845
63,5,Birds,Specific,True,0.6100308734149605,2.6858329060878704e-18
64,5,Mammals,General,False,0.147251957109137,0.1437442840910165
65,5,Mammals,General,True,0.7879974093651918,4.837164367157381e-06
66,5,Mammals,Specific,False,0.7732495856986349,4.222846157634135e-21
67,5,Mammals,Specific,True,0.8006244248180866,9.404110438501018e-37
68,5,Vehicles,General,False,0.25019142279760803,0.01205527862651462
69,5,Vehicles,General,True,0.9147826086956521,3.982324550120676e-10
70,5,Vehicles,Specific,False,0.7587922823347645,5.95159969328483e-20
71,5,Vehicles,Specific,True,0.8298204469313339,6.837903508851442e-43
72,6,Birds,General,False,0.09501935075638712,0.3470241614514855
73,6,Birds,General,True,0.7184170641673824,7.68847146006174e-05
74,6,Birds,Specific,False,0.3773127231749689,0.0001089511736103871
75,6,Birds,Specific,True,0.5338419197689614,1.2996937703867658e-13
76,6,Mammals,General,False,0.26630697275857745,0.007403370331818832
77,6,Mammals,General,True,0.8886956521739129,6.6337142063456995e-09
78,6,Mammals,Specific,False,0.8153931576301257,5.338204486191482e-25
79,6,Mammals,Specific,True,0.8022639436590332,5.271890931042361e-37
80,6,Vehicles,General,False,0.2814087246993854,0.004564494389598937
81,6,Vehicles,General,True,0.9434782608695651,4.984286809250041e-12
82,6,Vehicles,Specific,False,0.7598235191608919,4.9586334432192325e-20
83,6,Vehicles,Specific,True,0.8299064123840051,6.5880511784999455e-43
84,7,Birds,General,False,0.15528345709732716,0.12290715114779867
85,7,Birds,General,True,0.6591304347826087,0.00046006317483389284
86,7,Birds,Specific,False,0.35997790735410856,0.00023447590718804758
87,7,Birds,Specific,True,0.5663364427774075,1.8302888816654394e-15
88,7,Mammals,General,False,0.11186893840275786,0.267815552311271
89,7,Mammals,General,True,0.863478260869565,5.550668362063421e-08
90,7,Mammals,Specific,False,0.760195920901662,4.641276379587868e-20
91,7,Mammals,Specific,True,0.8245929745255153,1.109179312094112e-40
92,7,Vehicles,General,False,0.408279849542269,2.4784784549034566e-05
93,7,Vehicles,General,True,0.957391304347826,2.3768842141270254e-13
94,7,Vehicles,Specific,False,0.7833078224765045,5.956624310172172e-22
95,7,Vehicles,Specific,True,0.8454323218388219,5.507369785554821e-46
96,8,Birds,General,False,-0.011794273669146395,0.9072848627928384
97,8,Birds,General,True,0.8506197200432203,1.403122684569379e-07
98,8,Birds,Specific,False,0.393995971999817,4.997420932497189e-05
99,8,Birds,Specific,True,0.5595173051905735,4.654145691928028e-15
100,8,Mammals,General,False,0.12150206318399334,0.22850760838032325
101,8,Mammals,General,True,0.7739130434782608,9.140337472969992e-06
102,8,Mammals,Specific,False,0.716130319010528,5.5206180122515274e-17
103,8,Mammals,Specific,True,0.8434692653205791,3.1960764161564457e-44
104,8,Vehicles,General,False,0.3958024995432254,4.581332586519896e-05
105,8,Vehicles,General,True,0.9319417484931601,3.6419013258982884e-11
106,8,Vehicles,Specific,False,0.8270163529249399,2.974042148990459e-26
107,8,Vehicles,Specific,True,0.8222409350785888,1.6814946870252627e-41
108,9,Birds,General,False,-0.004755028956035758,0.962550907355807
109,9,Birds,General,True,0.697391304347826,0.00015210073836408896
110,9,Birds,Specific,False,0.34572941567865756,0.0004264918684099448
111,9,Birds,Specific,True,0.5377754574580814,7.947131700009682e-14
112,9,Mammals,General,False,0.13121299980961873,0.19316700843028306
113,9,Mammals,General,True,0.6991304347826087,0.00014406649635634718
114,9,Mammals,Specific,False,0.7314275431712939,5.535716123996813e-18
115,9,Mammals,Specific,True,0.7557270767726496,1.150785398961752e-30
116,9,Vehicles,General,False,0.42888362580155537,8.505691400616761e-06
117,9,Vehicles,General,True,0.9269565217391305,7.741111400753593e-11
118,9,Vehicles,Specific,False,0.7552738438009909,1.1018960587829957e-19
119,9,Vehicles,Specific,True,0.8443450640071515,9.275631070977452e-46
120,10,Birds,General,False,0.11713705023244117,0.2457866673075131
121,10,Birds,General,True,0.8475755799408161,1.7258143964976586e-07
122,10,Birds,Specific,False,0.3326118869392347,0.000721944275623681
123,10,Birds,Specific,True,0.5388307644679806,6.957024095037837e-14
124,10,Mammals,General,False,0.23750717309504463,0.01734253594105554
125,10,Mammals,General,True,0.717391304347826,7.959636496095665e-05
126,10,Mammals,Specific,False,0.7255471565039939,1.3647798954434435e-17
127,10,Mammals,Specific,True,0.8179163721782894,1.5742191349423237e-39
128,10,Vehicles,General,False,0.39639312929999426,4.452469083278861e-05
129,10,Vehicles,General,True,0.9339130434782608,2.6604350278709726e-11
130,10,Vehicles,Specific,False,0.8224848522406781,9.399525562391474e-26
131,10,Vehicles,Specific,True,0.8381641953483473,1.6681725540515604e-44
132,11,Birds,General,False,0.12431357211671726,0.21783969614007542
133,11,Birds,General,True,0.7791304347826087,7.259364046158057e-06
134,11,Birds,Specific,False,0.31684407703874506,0.0013191543192819764
135,11,Birds,Specific,True,0.5705365464745927,1.0190567208169158e-15
136,11,Mammals,General,False,0.19696846885578018,0.04950593631505578
137,11,Mammals,General,True,0.8252173913043478,6.966885939410449e-07
138,11,Mammals,Specific,False,0.7442806170755814,7.074110845640713e-19
139,11,Mammals,Specific,True,0.7859527578856907,1.3274759797497316e-34
140,11,Vehicles,General,False,0.32311873397003804,0.0010418041391538604
141,11,Vehicles,General,True,0.9208695652173912,1.8141058945837567e-10
142,11,Vehicles,Specific,False,0.7211913329469337,2.6235165692934514e-17
143,11,Vehicles,Specific,True,0.7983734108469464,1.6086229879769927e-37
144,12,Birds,General,False,0.13668490394678603,0.17508704790924678
145,12,Birds,General,True,0.8678260869565216,3.971082277670902e-08
146,12,Birds,Specific,False,0.2702667007163269,0.0065382109585970195
147,12,Birds,Specific,True,0.5151660446486025,1.2339866743142798e-12
148,12,Mammals,General,False,0.09358039988157012,0.3544080976002041
149,12,Mammals,General,True,0.7843478260869564,5.7298192689286435e-06
150,12,Mammals,Specific,False,0.7976268004076734,3.039092451718465e-23
151,12,Mammals,Specific,True,0.7974850869844987,2.8062564782235846e-36
152,12,Vehicles,General,False,0.33196837053066464,0.0007403931811644566
153,12,Vehicles,General,True,0.9443478260869566,4.219969370901299e-12
154,12,Vehicles,Specific,False,0.7734092457514177,4.0968037366244605e-21
155,12,Vehicles,Specific,True,0.8588334920418991,6.286534081557052e-49
156,13,Birds,General,False,0.11513186533241872,0.2540191758420942
157,13,Birds,General,True,0.717391304347826,7.959636496095665e-05
158,13,Birds,Specific,False,0.39182747406084373,5.5434068814954655e-05
159,13,Birds,Specific,True,0.5350500284007059,1.1182091519434631e-13
160,13,Mammals,General,False,0.23555504440185354,0.018312627138086793
161,13,Mammals,General,True,0.7626086956521738,1.4760221055011343e-05
162,13,Mammals,Specific,False,0.8196997353952566,1.8761912827037634e-25
163,13,Mammals,Specific,True,0.790865820705145,2.644772113385777e-35
164,13,Vehicles,General,False,0.3343519722725736,0.0006741435499908074
165,13,Vehicles,General,True,0.9386689865158764,1.1964461522464332e-11
166,13,Vehicles,Specific,False,0.7695121550366696,8.523901622804676e-21
167,13,Vehicles,Specific,True,0.8377259389830662,2.0380275445702552e-44
168,14,Birds,General,False,0.08565338776980579,0.3968146835677766
169,14,Birds,General,True,0.7382608695652173,3.813703295283011e-05
170,14,Birds,Specific,False,0.2959373909447093,0.002794966337561393
171,14,Birds,Specific,True,0.5325066739038776,1.5336676225490057e-13
172,14,Mammals,General,False,0.18735907932184556,0.06195733774788135
173,14,Mammals,General,True,0.8095652173913043,1.6557282829935044e-06
174,14,Mammals,Specific,False,0.8216065173652783,1.1703959857340402e-25
175,14,Mammals,Specific,True,0.8349635651586268,1.4296309571744684e-42
176,14,Vehicles,General,False,0.4489428971269909,2.801459365838962e-06
177,14,Vehicles,General,True,0.954782608695652,4.514354728610979e-13
178,14,Vehicles,Specific,False,0.7831166921309126,6.188476852811087e-22
179,14,Vehicles,Specific,True,0.8124577853658477,8.434909713569382e-40
180,15,Birds,General,False,0.12765644666701204,0.20562037700613653
181,15,Birds,General,True,0.7608695652173912,1.5853058572753522e-05
182,15,Birds,Specific,False,0.24405104967664262,0.014407159019776765
183,15,Birds,Specific,True,0.5980170823086265,1.783453040080774e-17
184,15,Mammals,General,False,0.3723503606280867,0.00013628387353209026
185,15,Mammals,General,True,0.6426086956521738,0.0007085884504465817
186,15,Mammals,Specific,False,0.7631447050835299,2.7373639210519706e-20
187,15,Mammals,Specific,True,0.8374632021682031,4.786850557457515e-43
188,15,Vehicles,General,False,0.3083733385115896,0.0017999053972393138
189,15,Vehicles,General,True,0.9660869565217389,2.0098298746764903e-14
190,15,Vehicles,Specific,False,0.7158549344115057,5.746027865655128e-17
191,15,Vehicles,Specific,True,0.8705360058097942,9.315462238163023e-52
192,16,Birds,General,False,0.21622807178572429,0.03071648914864814
193,16,Birds,General,True,0.6605784022217033,0.00044242951870875335
194,16,Birds,Specific,False,0.3128775081767624,0.0015274864685631492
195,16,Birds,Specific,True,0.5722196969549128,8.040141660700311e-16
196,16,Mammals,General,False,0.25561510221187583,0.01026399050817318
197,16,Mammals,General,True,0.7452173913043478,2.9390318395689623e-05
198,16,Mammals,Specific,False,0.703018079982405,3.527187743745399e-16
199,16,Mammals,Specific,True,0.7835073939102254,2.916860522539564e-34
200,16,Vehicles,General,False,0.31801493265623987,0.0012627945931774408
201,16,Vehicles,General,True,0.9504347826086955,1.2143629807472533e-12
202,16,Vehicles,Specific,False,0.8034649290031901,8.428284345906189e-24
203,16,Vehicles,Specific,True,0.8490428846724823,9.471299812433225e-47
204,17,Birds,General,False,0.048246588344831524,0.6335915443169947
205,17,Birds,General,True,0.766086956521739,1.2772330677153307e-05
206,17,Birds,Specific,False,0.445186706361765,3.4677559491135277e-06
207,17,Birds,Specific,True,0.5372548325125891,8.484864838224581e-14
208,17,Mammals,General,False,0.12708393490131772,0.20767752892417016
209,17,Mammals,General,True,0.7279843616320811,5.524181581647747e-05
210,17,Mammals,Specific,False,0.7834170678374024,5.827924601119908e-22
211,17,Mammals,Specific,True,0.8065634754558326,1.1257808232710001e-37
212,17,Vehicles,General,False,0.33023953978955556,0.000792111958553857
213,17,Vehicles,General,True,0.9604175728577643,1.0719779776054479e-13
214,17,Vehicles,Specific,False,0.7564728600644317,8.943109462376134e-20
215,17,Vehicles,Specific,True,0.8158313962781281,2.2447693086634798e-40
216,18,Birds,General,False,0.08649365935821618,0.3921818378084062
217,18,Birds,General,True,0.7295652173913043,5.223689984061561e-05
218,18,Birds,Specific,False,0.39091790553496214,5.788574732463373e-05
219,18,Birds,Specific,True,0.5265117651973346,3.196238861914924e-13
220,18,Mammals,General,False,0.18911032943619824,0.05951516052600478
221,18,Mammals,General,True,0.7573913043478261,1.825533170907123e-05
222,18,Mammals,Specific,False,0.8007509663298705,1.538041233013182e-23
223,18,Mammals,Specific,True,0.8388508432731713,2.5868576543640135e-43
224,18,Vehicles,General,False,0.4433506559846828,3.845422694593283e-06
225,18,Vehicles,General,True,0.9591304347826086,1.515138752610249e-13
226,18,Vehicles,Specific,False,0.7733824729192275,4.117680803353237e-21
227,18,Vehicles,Specific,True,0.8394557221707102,9.213601149779211e-45
228,19,Birds,General,False,0.06691083811819304,0.5083315536596542
229,19,Birds,General,True,0.8017391304347825,2.4797466868303137e-06
230,19,Birds,Specific,False,0.29907734649514994,0.0025054996953231367
231,19,Birds,Specific,True,0.5624462168355497,3.125264422692333e-15
232,19,Mammals,General,False,-0.07833466445380373,0.4385231525990625
233,19,Mammals,General,True,0.8536638601456245,1.1355441174247779e-07
234,19,Mammals,Specific,False,0.7414422933930793,1.125940297517107e-18
235,19,Mammals,Specific,True,0.8081246114123981,6.365316863901907e-38
236,19,Vehicles,General,False,0.37030965800518467,0.00014926907766623176
237,19,Vehicles,General,True,0.9347826086956521,2.3091809796273415e-11
238,19,Vehicles,Specific,False,0.7817278268437631,8.158089417587006e-22
239,19,Vehicles,Specific,True,0.824850529530264,5.68104186735571e-42
240,20,Birds,General,False,0.12149325126927529,0.22854160984732558
241,20,Birds,General,True,0.8539130434782608,1.1158126522893546e-07
242,20,Birds,Specific,False,0.31004470457998756,0.0016940688190630292
243,20,Birds,Specific,True,0.5697291851906742,1.141210110597055e-15
244,20,Mammals,General,False,0.12867898881358425,0.20198252535104116
245,20,Mammals,General,True,0.7527723596088007,2.1939633366461235e-05
246,20,Mammals,Specific,False,0.7361276257204645,2.645272457048643e-18
247,20,Mammals,Specific,True,0.8181326247692727,1.4470848152913886e-39
248,20,Vehicles,General,False,0.3515897989066535,0.0003345985983406929
249,20,Vehicles,General,True,0.9330434782608694,3.059281968376082e-11
250,20,Vehicles,Specific,False,0.7242725745563565,1.6545237439529688e-17
251,20,Vehicles,Specific,True,0.8257909827840682,3.825360531737693e-42
252,21,Birds,General,False,-0.00047433915275268057,0.9962629179380205
253,21,Birds,General,True,0.571304347826087,0.003544698756748856
254,21,Birds,Specific,False,0.40258216008874853,3.291101851968764e-05
255,21,Birds,Specific,True,0.6003451367721824,1.243445820108894e-17
256,21,Mammals,General,False,0.1361465425511658,0.1768086533975793
257,21,Mammals,General,True,0.855806872553284,9.75604540939137e-08
258,21,Mammals,Specific,False,0.7483718389666205,3.5810684129221687e-19
259,21,Mammals,Specific,True,0.8143502022109875,6.212055684718587e-39
260,21,Vehicles,General,False,0.37398920686683734,0.0001266229152639516
261,21,Vehicles,General,True,0.9497717119500988,1.4011505656911003e-12
262,21,Vehicles,Specific,False,0.7297427078583049,7.186260871000729e-18
263,21,Vehicles,Specific,True,0.8241728642614514,7.543200609095396e-42
264,22,Birds,General,False,0.13996565330806957,0.16486115274362573
265,22,Birds,General,True,0.64,0.0007568767697969986
266,22,Birds,Specific,False,0.39364756101439485,5.081619551339256e-05
267,22,Birds,Specific,True,0.5992440113228259,1.475266795767785e-17
268,22,Mammals,General,False,0.12550027696458482,0.21344438770159754
269,22,Mammals,General,True,0.8008695652173912,2.5907404639423398e-06
270,22,Mammals,Specific,False,0.7780642566563939,1.6748540466562286e-21
271,22,Mammals,Specific,True,0.8351295250991332,1.3302163753278531e-42
272,22,Vehicles,General,False,0.33617946245592445,0.0006270752187734636
273,22,Vehicles,General,True,0.9521739130434782,8.265140116690649e-13
274,22,Vehicles,Specific,False,0.7960120766276054,4.301250083289674e-23
275,22,Vehicles,Specific,True,0.8177482337554264,1.0452835018280319e-40
276,23,Birds,General,False,0.05605753732391741,0.5796038660455718
277,23,Birds,General,True,0.6036094945909969,0.0017905291002360568
278,23,Birds,Specific,False,0.277961079062677,0.005109186620929441
279,23,Birds,Specific,True,0.5477698400644408,2.2118581276369906e-14
280,23,Mammals,General,False,0.13916077198452725,0.16732794647736574
281,23,Mammals,General,True,0.7434782608695651,3.139215353812126e-05
282,23,Mammals,Specific,False,0.7651403518407979,1.906553503443035e-20
283,23,Mammals,Specific,True,0.8042961458049577,2.5534030229338068e-37
284,23,Vehicles,General,False,0.34998919400627815,0.00035769293189045
285,23,Vehicles,General,True,0.9417391304347826,6.899695739958272e-12
286,23,Vehicles,Specific,False,0.7731115391768522,4.334861421274058e-21
287,23,Vehicles,Specific,True,0.8280313049761782,1.4768441006975925e-42
288,24,Birds,General,False,0.07355524010489907,0.4670478919236286
289,24,Birds,General,True,0.7243478260869565,6.273725296044197e-05
290,24,Birds,Specific,False,0.32381072829083446,0.0010147214292358603
291,24,Birds,Specific,True,0.5445931081827428,3.3366172645673534e-14
292,24,Mammals,General,False,0.15671891530629142,0.11944100973227416
293,24,Mammals,General,True,0.7304347826086957,5.06460462583121e-05
294,24,Mammals,Specific,False,0.8202903423264409,1.6220218679022166e-25
295,24,Mammals,Specific,True,0.8084268996257914,5.696490681347931e-38
296,24,Vehicles,General,False,0.4193960865768176,1.404013852289008e-05
297,24,Vehicles,General,True,0.9354207657530506,2.0786849843069234e-11
298,24,Vehicles,Specific,False,0.752502318574724,1.7770590068811966e-19
299,24,Vehicles,Specific,True,0.8026630554115385,3.4000744952950755e-38
300,25,Birds,General,False,0.1174320950463669,0.2445910555713305
301,25,Birds,General,True,0.6739130434782608,0.0003056600303861522
302,25,Birds,Specific,False,0.25810567531632767,0.009522736273052486
303,25,Birds,Specific,True,0.516896219503697,1.0075006245210978e-12
304,25,Mammals,General,False,0.1408928108975429,0.16205313977790206
305,25,Mammals,General,True,0.8417391304347825,2.5354935854452587e-07
306,25,Mammals,Specific,False,0.7452599461872039,6.017429731611259e-19
307,25,Mammals,Specific,True,0.8119127662060944,1.5608881580226354e-38
308,25,Vehicles,General,False,0.34076146536316837,0.000521989014092014
309,25,Vehicles,General,True,0.9191304347826086,2.2852585168619277e-10
310,25,Vehicles,Specific,False,0.8001914794957068,1.739084779798347e-23
311,25,Vehicles,Specific,True,0.8368865142870561,2.9858490545404433e-44
312,26,Birds,General,False,0.12010161717716565,0.23395592108173108
313,26,Birds,General,True,0.7043478260869565,0.00012214433051770487
314,26,Birds,Specific,False,0.19429135749455614,0.05274691331810396
315,26,Birds,Specific,True,0.5532243264414578,1.0808218612846821e-14
316,26,Mammals,General,False,0.1395482912358563,0.16613689395051665
317,26,Mammals,General,True,0.7417391304347827,3.351314602649341e-05
318,26,Mammals,Specific,False,0.7454679744987975,5.813599131037806e-19
319,26,Mammals,Specific,True,0.8081333727432594,6.344886644621365e-38
320,26,Vehicles,General,False,0.37421603855204316,0.00012533697485908675
321,26,Vehicles,General,True,0.9678260869565216,1.135478996180185e-14
322,26,Vehicles,Specific,False,0.8013650764499025,1.3434174176259496e-23
323,26,Vehicles,Specific,True,0.8475160999849078,2.0050346346238816e-46
324,27,Birds,General,False,0.16927505469797663,0.09225092090122516
325,27,Birds,General,True,0.8104347826086956,1.581277652369622e-06
326,27,Birds,Specific,False,0.38717231359891785,6.9086367255672e-05
327,27,Birds,Specific,True,0.5438388097155817,3.676429946751499e-14
328,27,Mammals,General,False,0.39513049327551986,4.7321820197285825e-05
329,27,Mammals,General,True,0.7747826086956522,8.799677867713435e-06
330,27,Mammals,Specific,False,0.7571771172986246,7.906760496529882e-20
331,27,Mammals,Specific,True,0.8064858990520778,1.1579785119555162e-37
332,27,Vehicles,General,False,0.38157078134995914,8.965258082440908e-05
333,27,Vehicles,General,True,0.9417391304347826,6.899695739958272e-12
334,27,Vehicles,Specific,False,0.7500690303133307,2.6896189866740724e-19
335,27,Vehicles,Specific,True,0.7843593514388507,2.0072677847798977e-35
336,28,Birds,General,False,0.09479398771904297,0.3481741943450415
337,28,Birds,General,True,0.8478260869565216,1.696951941497286e-07
338,28,Birds,Specific,False,0.3631205424803286,0.00020471027311470168
339,28,Birds,Specific,True,0.6023637489427873,9.073563997432219e-18
340,28,Mammals,General,False,0.2620818237907604,0.008436566272648134
341,28,Mammals,General,True,0.540552306755482,0.006389147214192989
342,28,Mammals,Specific,False,0.7323880704875249,4.766311537151258e-18
343,28,Mammals,Specific,True,0.7966458947721515,3.7465907235318275e-36
344,28,Vehicles,General,False,0.3858396227446736,7.353647982528516e-05
345,28,Vehicles,General,True,0.9330434782608694,3.059281968376082e-11
346,28,Vehicles,Specific,False,0.6974826232703885,7.489305808498424e-16
347,28,Vehicles,Specific,True,0.8120425742658187,9.90911747468263e-40
348,29,Birds,General,False,0.20355616578547736,0.04222566149661608
349,29,Birds,General,True,0.7408695652173911,3.4620205532400836e-05
350,29,Birds,Specific,False,0.36612614147285183,0.000179548950005597
351,29,Birds,Specific,True,0.5803626595169326,2.5054208763465564e-16
352,29,Mammals,General,False,0.12361449700493855,0.2204587131205709
353,29,Mammals,General,True,0.8284409850114185,5.768118441602235e-07
354,29,Mammals,Specific,False,0.7458724878242877,5.436284099906111e-19
355,29,Mammals,Specific,True,0.8371467960347664,5.503534856579889e-43
356,29,Vehicles,General,False,0.45895255795702433,1.5667575270894695e-06
357,29,Vehicles,General,True,0.9234782608695651,1.2702470317295964e-10
358,29,Vehicles,Specific,False,0.798208969686685,2.6793009750708736e-23
359,29,Vehicles,Specific,True,0.7934286894052863,9.216014258323047e-37
360,30,Birds,General,False,0.09386734544176036,0.35292789953359216
361,30,Birds,General,True,0.7318982560494579,4.806463296590007e-05
362,30,Birds,Specific,False,0.2635377385526659,0.008067040383891248
363,30,Birds,Specific,True,0.560931952539604,3.841641145625309e-15
364,30,Mammals,General,False,0.06982699524341278,0.4899840013288851
365,30,Mammals,General,True,0.6886956521739129,0.00019842330475024696
366,30,Mammals,Specific,False,0.7500405173144273,2.702636257249613e-19
367,30,Mammals,Specific,True,0.850556653571054,1.127733545177565e-45
368,30,Vehicles,General,False,0.37437477107464323,0.00012444431720220653
369,30,Vehicles,General,True,0.9486956521739129,1.7601878580747325e-12
370,30,Vehicles,Specific,False,0.7237045093189516,1.8021336771095427e-17
371,30,Vehicles,Specific,True,0.8596184310656357,4.137372681449236e-49
372,31,Birds,General,False,0.32396370230324,0.0010088217298458242
373,31,Birds,General,True,0.8139130434782607,1.3123882717353614e-06
374,31,Birds,Specific,False,0.3924725857392384,5.3754294164446397e-05
375,31,Birds,Specific,True,0.5312108296094739,1.7996942715599725e-13
376,31,Mammals,General,False,0.033264894532586624,0.7424900450896528
377,31,Mammals,General,True,0.6704347826086956,0.00033720572692097305
378,31,Mammals,Specific,False,0.7716933905823808,5.666531882599563e-21
379,31,Mammals,Specific,True,0.7618895141805163,2.0225247014259933e-31
380,31,Vehicles,General,False,0.38851717550360104,6.485092068932258e-05
381,31,Vehicles,General,True,0.9652173913043477,2.6445499220283633e-14
382,31,Vehicles,Specific,False,0.7069200966596375,2.0528875057498053e-16
383,31,Vehicles,Specific,True,0.8054026442396497,1.2350036915490902e-38
384,32,Birds,General,False,0.1187875995560497,0.23914981900466906
385,32,Birds,General,True,0.8034782608695652,2.2703633865898317e-06
386,32,Birds,Specific,False,0.3043851538821204,0.0020770278622917384
387,32,Birds,Specific,True,0.6204584492736933,4.859942618751679e-19
388,32,Mammals,General,False,0.12595000540514384,0.21179526561820972
389,32,Mammals,General,True,0.6121739130434782,0.0014757933898440656
390,32,Mammals,Specific,False,0.7607226461928215,4.225909972284278e-20
391,32,Mammals,Specific,True,0.811132748292648,2.0902250941585904e-38
392,32,Vehicles,General,False,0.35908295760229236,0.00024365630121968429
393,32,Vehicles,General,True,0.9521739130434782,8.265140116690649e-13
394,32,Vehicles,Specific,False,0.7773852968716236,1.910818549729982e-21
395,32,Vehicles,Specific,True,0.8114059430730612,1.2675285167946664e-39
396,33,Birds,General,False,0.12830718812547484,0.20329988099656368
397,33,Birds,General,True,0.7410306763566703,3.441269451329851e-05
398,33,Birds,Specific,False,0.3780514163984454,0.00010534813515750226
399,33,Birds,Specific,True,0.6103868164367032,2.5362144240039733e-18
400,33,Mammals,General,False,0.11886533308916511,0.23884035219936714
401,33,Mammals,General,True,0.6652173913043479,0.00038981642152620497
402,33,Mammals,Specific,False,0.7523794373697339,1.8148517895444962e-19
403,33,Mammals,Specific,True,0.7746980317283476,4.5781181006106936e-33
404,33,Vehicles,General,False,0.3948594641704618,4.7943234949947916e-05
405,33,Vehicles,General,True,0.9252173913043478,9.945790694086241e-11
406,33,Vehicles,Specific,False,0.7533463390239732,1.5373865405091984e-19
407,33,Vehicles,Specific,True,0.8093442383173538,2.795486371920015e-39
408,34,Birds,General,False,0.08240440243626308,0.41503153019322847
409,34,Birds,General,True,0.5834782608695652,0.0027629445069863624
410,34,Birds,Specific,False,0.32261840862055763,0.00106179386038814
411,34,Birds,Specific,True,0.5190725186054425,7.794063533253876e-13
412,34,Mammals,General,False,0.1822103478180245,0.0696136659410063
413,34,Mammals,General,True,0.8191304347826085,9.850796912877488e-07
414,34,Mammals,Specific,False,0.8173643709982261,3.319094140209376e-25
415,34,Mammals,Specific,True,0.803992431623507,2.84713387061371e-37
416,34,Vehicles,General,False,0.30389322755994114,0.0021137537929013777
417,34,Vehicles,General,True,0.9443478260869566,4.219969370901299e-12
418,34,Vehicles,Specific,False,0.7710376582074019,6.409585511062209e-21
419,34,Vehicles,Specific,True,0.820573513417743,3.3326985040876155e-41
420,35,Birds,General,False,0.19544488395739965,0.05132963493805388
421,35,Birds,General,True,0.8678260869565216,3.971082277670902e-08
422,35,Birds,Specific,False,0.2357785102426561,0.01819925823661518
423,35,Birds,Specific,True,0.45549376275675907,6.99802331136856e-10
424,35,Mammals,General,False,0.005853957298858594,0.9539046942168612
425,35,Mammals,General,True,0.7069565217391304,0.00011232149069224439
426,35,Mammals,Specific,False,0.7834919178688837,5.741312411533507e-22
427,35,Mammals,Specific,True,0.7850754824327297,1.7627591363051973e-34
428,35,Vehicles,General,False,0.3702701973872298,0.00014953111200649187
429,35,Vehicles,General,True,0.9339130434782608,2.6604350278709726e-11
430,35,Vehicles,Specific,False,0.7825788134309872,6.889114631430625e-22
431,35,Vehicles,Specific,True,0.834099667986181,1.0447897938548918e-43
432,36,Birds,General,False,0.24134959789403904,0.01556207128181334
433,36,Birds,General,True,0.7269565217391305,5.7276052099930176e-05
434,36,Birds,Specific,False,0.38581528473657917,7.362017668346987e-05
435,36,Birds,Specific,True,0.6121813960626569,1.897592920819438e-18
436,36,Mammals,General,False,0.21021429376202846,0.03579654249858681
437,36,Mammals,General,True,0.7836486377903286,5.916604297210442e-06
438,36,Mammals,Specific,False,0.8111700055878005,1.4499652750642059e-24
439,36,Mammals,Specific,True,0.815034475967489,4.7845677796886816e-39
440,36,Vehicles,General,False,0.32913083533821874,0.0008269949041189137
441,36,Vehicles,General,True,0.9382608695652173,1.2845258519229958e-11
442,36,Vehicles,Specific,False,0.7972169207766365,3.3202029079020376e-23
443,36,Vehicles,Specific,True,0.8381489601253814,1.6798428398968576e-44
444,37,Birds,General,False,0.06904325964183072,0.49488028984248333
445,37,Birds,General,True,0.6710154540013746,0.0003317508186693014
446,37,Birds,Specific,False,0.32482732436027223,0.0009760971294618632
447,37,Birds,Specific,True,0.622994217662844,3.175913276895917e-19
448,37,Mammals,General,False,0.15326514872119085,0.12791086770512705
449,37,Mammals,General,True,0.8339130434782607,4.1486919289144065e-07
450,37,Mammals,Specific,False,0.7777154237441398,1.792304943729864e-21
451,37,Mammals,Specific,True,0.7854657928097468,1.5540542562191654e-34
452,37,Vehicles,General,False,0.47832509015198477,4.822019181008547e-07
453,37,Vehicles,General,True,0.9541204835249618,5.280780226254028e-13
454,37,Vehicles,Specific,False,0.7971799620069099,3.3467608996525643e-23
455,37,Vehicles,Specific,True,0.8343980367755395,9.146918297760157e-44
456,38,Birds,General,False,0.1674191720515007,0.09592948171556319
457,38,Birds,General,True,0.6782608695652173,0.00026985712492208177
458,38,Birds,Specific,False,0.36361153918044264,0.00020038872525284023
459,38,Birds,Specific,True,0.5677156781083326,1.511480911679601e-15
460,38,Mammals,General,False,0.011750648599289537,0.907626285241685
461,38,Mammals,General,True,0.8486956521739129,1.6000856269493774e-07
462,38,Mammals,Specific,False,0.7860719170117404,3.414138155485286e-22
463,38,Mammals,Specific,True,0.8102513730131815,2.902599544479548e-38
464,38,Vehicles,General,False,0.37717673804447843,0.00010962680007430719
465,38,Vehicles,General,True,0.9452173913043478,3.563267590026003e-12
466,38,Vehicles,Specific,False,0.7449499271953499,6.33413829981307e-19
467,38,Vehicles,Specific,True,0.8174346054403476,1.1852543361737842e-40
468,39,Birds,General,False,0.2338947642531031,0.019174142734227306
469,39,Birds,General,True,0.5269565217391303,0.008150736777295305
470,39,Birds,Specific,False,0.40206306493098126,3.3763746210982106e-05
471,39,Birds,Specific,True,0.5931165393425512,3.77452637430437e-17
472,39,Mammals,General,False,0.2689200528328183,0.00682182631771315
473,39,Mammals,General,True,0.6373913043478261,0.0008079747421695984
474,39,Mammals,Specific,False,0.8180754066028988,2.792329830778453e-25
475,39,Mammals,Specific,True,0.8084107336465627,5.730439197110581e-38
476,39,Vehicles,General,False,0.30193302144394296,0.002265991740266208
477,39,Vehicles,General,True,0.9043478260869565,1.3500923413643378e-09
478,39,Vehicles,Specific,False,0.7457639345895337,5.535134638171352e-19
479,39,Vehicles,Specific,True,0.8338426755210152,1.171337521114889e-43
480,40,Birds,General,False,0.15324641025688546,0.12795804331221936
481,40,Birds,General,True,0.8208695652173912,8.934346201224865e-07
482,40,Birds,Specific,False,0.4018064315610704,3.41929133557294e-05
483,40,Birds,Specific,True,0.535033814847601,1.1204729376551103e-13
484,40,Mammals,General,False,0.1425123194850486,0.1572337642012496
485,40,Mammals,General,True,0.7858230235777602,5.352790797259192e-06
486,40,Mammals,Specific,False,0.8050415074080838,5.917133864853091e-24
487,40,Mammals,Specific,True,0.7808050266094967,6.880355887280186e-34
488,40,Vehicles,General,False,0.3658913615527509,0.00018140620450093228
489,40,Vehicles,General,True,0.937391304347826,1.4920392804576644e-11
490,40,Vehicles,Specific,False,0.7980036564020289,2.801178711848229e-23
491,40,Vehicles,Specific,True,0.8483416581478833,1.3379782197685966e-46
492,41,Birds,General,False,-0.002869707491786293,0.9773939005062721
493,41,Birds,General,True,0.7527723596088007,2.1939633366461235e-05
494,41,Birds,Specific,False,0.3386679397468742,0.0005678169254978026
495,41,Birds,Specific,True,0.583580116948687,1.5663569009336376e-16
496,41,Mammals,General,False,0.2935123377126854,0.0030387397303049575
497,41,Mammals,General,True,0.7158078012224646,8.394713066768151e-05
498,41,Mammals,Specific,False,0.8101480462006863,1.8396632511908683e-24
499,41,Mammals,Specific,True,0.796734222889009,3.634575747139524e-36
500,41,Vehicles,General,False,0.2855761665963834,0.00397561308304208
501,41,Vehicles,General,True,0.9454229403752357,3.4222290444810505e-12
502,41,Vehicles,Specific,False,0.7819072470641285,7.872905489360746e-22
503,41,Vehicles,Specific,True,0.8196871286633957,4.780573807025117e-41
504,42,Birds,General,False,-0.003908196434551055,0.9692166780875133
505,42,Birds,General,True,0.7417391304347827,3.351314602649341e-05
506,42,Birds,Specific,False,0.3684572375768578,0.0001620399779660731
507,42,Birds,Specific,True,0.5908448718032807,5.3202372523759595e-17
508,42,Mammals,General,False,0.02895556985942519,0.7748970922294058
509,42,Mammals,General,True,0.8554033687755697,1.0040786194202532e-07
510,42,Mammals,Specific,False,0.7758026689896926,2.5934152269640072e-21
511,42,Mammals,Specific,True,0.790859137237216,2.6506605537451375e-35
512,42,Vehicles,General,False,0.3473809024506016,0.0003984909715132792
513,42,Vehicles,General,True,0.954782608695652,4.514354728610979e-13
514,42,Vehicles,Specific,False,0.7464030847508313,4.977282058653664e-19
515,42,Vehicles,Specific,True,0.8445935237827962,8.236827631720979e-46
516,43,Birds,General,False,0.07326715440969983,0.46879902423036124
517,43,Birds,General,True,0.7721739130434783,9.856877742382156e-06
518,43,Birds,Specific,False,0.3171372314039213,0.0013048327220486794
519,43,Birds,Specific,True,0.6028484530901482,8.409574496850277e-18
520,43,Mammals,General,False,0.1320404637572407,0.19034954685268746
521,43,Mammals,General,True,0.7339130434782607,4.470024178478045e-05
522,43,Mammals,Specific,False,0.7308137895130814,6.0891405819225784e-18
523,43,Mammals,Specific,True,0.7892726283906218,4.483683330319238e-35
524,43,Vehicles,General,False,0.42700895233949565,9.402412701312981e-06
525,43,Vehicles,General,True,0.8921739130434782,4.757173412170351e-09
526,43,Vehicles,Specific,False,0.7394745134556057,1.5485058210581958e-18
527,43,Vehicles,Specific,True,0.7966634901618017,2.9578544514150217e-37
528,44,Birds,General,False,0.0889597992940466,0.37877247589831053
529,44,Birds,General,True,0.7462492022465061,2.82565857726745e-05
530,44,Birds,Specific,False,0.290116304844695,0.0034122083151487638
531,44,Birds,Specific,True,0.6284757409087448,1.2492864092104262e-19
532,44,Mammals,General,False,0.044039242095619914,0.6635139555916121
533,44,Mammals,General,True,0.8043478260869565,2.1716927777771932e-06
534,44,Mammals,Specific,False,0.7473485826095827,4.250992649985939e-19
535,44,Mammals,Specific,True,0.826554877506326,4.979232931583585e-41
536,44,Vehicles,General,False,0.4059521335647652,2.7846445505607805e-05
537,44,Vehicles,General,True,0.9504347826086955,1.2143629807472533e-12
538,44,Vehicles,Specific,False,0.7120050664041649,1.0004904450325085e-16
539,44,Vehicles,Specific,True,0.8314479800285263,3.3675580344384533e-43
540,45,Birds,General,False,0.17246762442342017,0.08618478846299453
541,45,Birds,General,True,0.7008695652173912,0.00013640547239986232
542,45,Birds,Specific,False,0.43031735162848317,7.87487339307871e-06
543,45,Birds,Specific,True,0.5770504985992538,4.0415389936253896e-16
544,45,Mammals,General,False,0.20991890895535079,0.036063241836067246
545,45,Mammals,General,True,0.7791304347826087,7.259364046158057e-06
546,45,Mammals,Specific,False,0.7935726690606036,7.226656278089109e-23
547,45,Mammals,Specific,True,0.8170376811380136,2.2139379149792148e-39
548,45,Vehicles,General,False,0.35118243638484253,0.0003403421903382762
549,45,Vehicles,General,True,0.9513043478260867,1.0036019675593056e-12
550,45,Vehicles,Specific,False,0.7793580101816784,1.3011928650772654e-21
551,45,Vehicles,Specific,True,0.850429975221272,4.757305283244093e-47
552,46,Birds,General,False,0.13029198614456497,0.19633833248019736
553,46,Birds,General,True,0.6653620509540528,0.0003882670554853681
554,46,Birds,Specific,False,0.39645020167635125,4.440198028879632e-05
555,46,Birds,Specific,True,0.5864066793273047,1.0323316280288615e-16
556,46,Mammals,General,False,0.10337923268731145,0.30605237425229187
557,46,Mammals,General,True,0.728695652173913,5.387149836099811e-05
558,46,Mammals,Specific,False,0.7703887798422747,7.237837108036166e-21
559,46,Mammals,Specific,True,0.799766826189344,1.2701736231816048e-36
560,46,Vehicles,General,False,0.35847651859267127,0.0002500646209159415
561,46,Vehicles,General,True,0.9234782608695651,1.2702470317295964e-10
562,46,Vehicles,Specific,False,0.7607607413896975,4.1973127086473765e-20
563,46,Vehicles,Specific,True,0.8202268972416787,3.838567498415686e-41
564,47,Birds,General,False,0.09951666212237967,0.3245735072435557
565,47,Birds,General,True,0.6286956521739131,0.0010003492233837058
566,47,Birds,Specific,False,0.3367106211347617,0.0006139707410394541
567,47,Birds,Specific,True,0.5529745269444587,1.1171743126944724e-14
568,47,Mammals,General,False,0.1545722318202932,0.12465292712772313
569,47,Mammals,General,True,0.7417391304347827,3.351314602649341e-05
570,47,Mammals,Specific,False,0.7911563219885177,1.2000091772381207e-22
571,47,Mammals,Specific,True,0.8154662252365755,4.055592512377269e-39
572,47,Vehicles,General,False,0.25179862602269837,0.011497996415638551
573,47,Vehicles,General,True,0.946086956521739,3.000427331585604e-12
574,47,Vehicles,Specific,False,0.7252596864379046,1.4254795831743147e-17
575,47,Vehicles,Specific,True,0.8221694398772219,1.7318016855971852e-41
576,48,Birds,General,False,0.16601530846749588,0.09878812948935711
577,48,Birds,General,True,0.6634782608695651,0.00040886714912401385
578,48,Birds,Specific,False,0.3316255170030996,0.0007503974861558332
579,48,Birds,Specific,True,0.5689420623759956,1.2740056060858895e-15
580,48,Mammals,General,False,0.12423104291347208,0.21814773217741984
581,48,Mammals,General,True,0.7191304347826086,7.504696733116017e-05
582,48,Mammals,Specific,False,0.7747488741345655,3.1739600668088396e-21
583,48,Mammals,Specific,True,0.8037222807983271,3.136180229454784e-37
584,48,Vehicles,General,False,0.3259091143554201,0.0009364718851688777
585,48,Vehicles,General,True,0.937391304347826,1.4920392804576644e-11
586,48,Vehicles,Specific,False,0.7323915340631973,4.763734698476904e-18
587,48,Vehicles,Specific,True,0.8242168662454182,7.405882377570991e-42
588,49,Birds,General,False,0.22237265140397722,0.02616932834569663
589,49,Birds,General,True,0.6130434782608695,0.001446665230327324
590,49,Birds,Specific,False,0.2697975295896316,0.006635814383922417
591,49,Birds,Specific,True,0.5426817512062704,4.264145752985923e-14
592,49,Mammals,General,False,0.34886158924438293,0.0003748340784838069
593,49,Mammals,General,True,0.7130434782608696,9.204341421214485e-05
594,49,Mammals,Specific,False,0.7656390300274629,1.7408194492394578e-20
595,49,Mammals,Specific,True,0.8114048575175364,1.8880714560225226e-38
596,49,Vehicles,General,False,0.4057607338684551,2.8113341240476475e-05
597,49,Vehicles,General,True,0.8947826086956522,3.6795072553130247e-09
598,49,Vehicles,Specific,False,0.742284535333969,9.81512679506497e-19
599,49,Vehicles,Specific,True,0.8085070926599527,3.843635519376148e-39
600,50,Birds,General,False,0.010132944243071993,0.9202982505300918
601,50,Birds,General,True,0.7588606398136091,1.7203917062882638e-05
602,50,Birds,Specific,False,0.4701235826137213,8.011827850248182e-07
603,50,Birds,Specific,True,0.5726071297686062,7.611787911843767e-16
604,50,Mammals,General,False,0.10987242542227722,0.2765028254530004
605,50,Mammals,General,True,0.7055241409308395,0.00011762575566104139
606,50,Mammals,Specific,False,0.7505627490729929,2.4736489260392047e-19
607,50,Mammals,Specific,True,0.792862772846561,1.355846059670003e-35
608,50,Vehicles,General,False,0.3068550229649594,0.0019011985376750143
609,50,Vehicles,General,True,0.9469565217391304,2.519266865368467e-12
610,50,Vehicles,Specific,False,0.7891931318666413,1.803020186642184e-22
611,50,Vehicles,Specific,True,0.8161685335514569,1.963681173830299e-40
612,51,Birds,General,False,0.30791520528326494,0.0018299424597350285
613,51,Birds,General,True,0.6652173913043479,0.00038981642152620497
614,51,Birds,Specific,False,0.4774634673643786,5.089378050451007e-07
615,51,Birds,Specific,True,0.6149423893014514,1.2100546251248829e-18
616,51,Mammals,General,False,0.05391522589540264,0.5941986712057457
617,51,Mammals,General,True,0.8008695652173912,2.5907404639423398e-06
618,51,Mammals,Specific,False,0.7734522797861532,4.063462089230376e-21
619,51,Mammals,Specific,True,0.8438837461775468,2.640455873423259e-44
620,51,Vehicles,General,False,0.43588512171615273,5.8187371259443754e-06
621,51,Vehicles,General,True,0.9582608695652173,1.9022496036938712e-13
622,51,Vehicles,Specific,False,0.7465650645330696,4.84482590069058e-19
623,51,Vehicles,Specific,True,0.8434581156239478,1.41498393787944e-45
624,52,Birds,General,False,0.1677478452268662,0.09526972479681942
625,52,Birds,General,True,0.8101761443969935,1.6031039375492534e-06
626,52,Birds,Specific,False,0.25470146229956186,0.010548324229920972
627,52,Birds,Specific,True,0.6412985658890803,1.3080512209422564e-20
628,52,Mammals,General,False,0.21116336161419788,0.03495082431129344
629,52,Mammals,General,True,0.8486956521739129,1.6000856269493774e-07
630,52,Mammals,Specific,False,0.7624628967105717,3.0949001107716674e-20
631,52,Mammals,Specific,True,0.7929036967629729,1.337304703385371e-35
632,52,Vehicles,General,False,0.39070496177768615,5.847414564356577e-05
633,52,Vehicles,General,True,0.9252173913043478,9.945790694086241e-11
634,52,Vehicles,Specific,False,0.7559917054117735,9.725886283600246e-20
635,52,Vehicles,Specific,True,0.812133595521753,9.565653217121454e-40
636,53,Birds,General,False,0.16559974133922897,0.09964705754081826
637,53,Birds,General,True,0.6982608695652174,0.00014803602074787444
638,53,Birds,Specific,False,0.33016624960632956,0.0007943756987159655
639,53,Birds,Specific,True,0.5870004532528934,9.452742129450727e-17
640,53,Mammals,General,False,-0.06486715278188405,0.5213979962086008
641,53,Mammals,General,True,0.8443478260869565,2.139070702387755e-07
642,53,Mammals,Specific,False,0.7912854025442044,1.168133633919921e-22
643,53,Mammals,Specific,True,0.8153255360951107,4.280237059599144e-39
644,53,Vehicles,General,False,0.4376150180005848,5.290832927725466e-06
645,53,Vehicles,General,True,0.9469565217391304,2.519266865368467e-12
646,53,Vehicles,Specific,False,0.7366411987976083,2.437889880844993e-18
647,53,Vehicles,Specific,True,0.846647607996196,3.0606296863522452e-46
648,54,Birds,General,False,0.177714062947144,0.07690943858899342
649,54,Birds,General,True,0.7478260869565216,2.6598359782618728e-05
650,54,Birds,Specific,False,0.28061891899294045,0.00468448380737652
651,54,Birds,Specific,True,0.6224051341505121,3.50704063175676e-19
652,54,Mammals,General,False,0.11443873682747685,0.2569083386922469
653,54,Mammals,General,True,0.7530434782608695,2.1706524916784425e-05
654,54,Mammals,Specific,False,0.7604621511884387,4.426599541122819e-20
655,54,Mammals,Specific,True,0.8328634797252363,3.5346177676245076e-42
656,54,Vehicles,General,False,0.38412280034362617,7.966296844292192e-05
657,54,Vehicles,General,True,0.917391304347826,2.8641475861943287e-10
658,54,Vehicles,Specific,False,0.7980330310049368,2.7834160446637264e-23
659,54,Vehicles,Specific,True,0.833434452923166,1.4040413498140502e-43
660,55,Birds,General,False,0.14801580772172168,0.1416546382578797
661,55,Birds,General,True,0.84,2.835044982292681e-07
662,55,Birds,Specific,False,0.3444281733201233,0.0004498161284099172
663,55,Birds,Specific,True,0.6104626452245361,2.505409988131387e-18
664,55,Mammals,General,False,0.18595426700285125,0.06397488505482488
665,55,Mammals,General,True,0.7234782608695651,6.465655516291939e-05
666,55,Mammals,Specific,False,0.7817414584346855,8.136073947139283e-22
667,55,Mammals,Specific,True,0.801012129128569,8.205243961175634e-37
668,55,Vehicles,General,False,0.35030056050905284,0.00035308854731883976
669,55,Vehicles,General,True,0.946086956521739,3.000427331585604e-12
670,55,Vehicles,Specific,False,0.760849079267505,4.131721695056627e-20
671,55,Vehicles,Specific,True,0.8387687000156042,1.2643121270871587e-44
672,56,Birds,General,False,0.07206601475949771,0.47613857033031237
673,56,Birds,General,True,0.6921739130434782,0.00017859823713910268
674,56,Birds,Specific,False,0.29343117318340584,0.0030472190798256494
675,56,Birds,Specific,True,0.5439586570151357,3.620270943018833e-14
676,56,Mammals,General,False,0.11440287467289306,0.2570584312590298
677,56,Mammals,General,True,0.7991304347826085,2.8260661580014922e-06
678,56,Mammals,Specific,False,0.7054540438689922,2.5184371810657136e-16
679,56,Mammals,Specific,True,0.7988341369620982,1.758413030396793e-36
680,56,Vehicles,General,False,0.2885776302405035,0.0035945735609229997
681,56,Vehicles,General,True,0.9495652173913043,1.4644153248304371e-12
682,56,Vehicles,Specific,False,0.7528113866794716,1.6853543495510462e-19
683,56,Vehicles,Specific,True,0.8508199207913696,3.915121767500324e-47
684,57,Birds,General,False,-0.08282981094599565,0.4126189799125616
685,57,Birds,General,True,0.7034782608695651,0.00012558146221205646
686,57,Birds,Specific,False,0.3544263916743888,0.0002970145557275815
687,57,Birds,Specific,True,0.5433854795580142,3.896633665183057e-14
688,57,Mammals,General,False,0.26787816398858655,0.007048670062708941
689,57,Mammals,General,True,0.7910415494675959,4.18939226125516e-06
690,57,Mammals,Specific,False,0.7946457780300791,5.756818959126487e-23
691,57,Mammals,Specific,True,0.8029518301172782,4.128614093325562e-37
692,57,Vehicles,General,False,0.3575916078405183,0.0002596951868425719
693,57,Vehicles,General,True,0.9532507292099892,6.466181299975198e-13
694,57,Vehicles,Specific,False,0.7107855504522558,1.1903838539528176e-16
695,57,Vehicles,Specific,True,0.8388115092123463,1.2396812732753937e-44
696,58,Birds,General,False,0.10920769280021769,0.27943673181262924
697,58,Birds,General,True,0.6530434782608695,0.0005410161161143115
698,58,Birds,Specific,False,0.2188812345010864,0.028677123453862446
699,58,Birds,Specific,True,0.5664470698138099,1.8024663511687666e-15
700,58,Mammals,General,False,0.08968554703939942,0.3748798566998026
701,58,Mammals,General,True,0.7962600753574317,3.256221766648116e-06
702,58,Mammals,Specific,False,0.7473159753608226,4.274229245526572e-19
703,58,Mammals,Specific,True,0.7855555190796499,1.509625371649098e-34
704,58,Vehicles,General,False,0.36723459305850936,0.00017101576761397803
705,58,Vehicles,General,True,0.9504347826086955,1.2143629807472533e-12
706,58,Vehicles,Specific,False,0.8156679272207343,4.997771177607283e-25
707,58,Vehicles,Specific,True,0.8250758906258178,5.168490848386971e-42
708,59,Birds,General,False,0.08073639240529862,0.4245698970696815
709,59,Birds,General,True,0.7947826086956521,3.4995462491748772e-06
710,59,Birds,Specific,False,0.2535177874218599,0.010926937759886153
711,59,Birds,Specific,True,0.5548253843562863,8.73749544502089e-15
712,59,Mammals,General,False,0.0744966666045579,0.4613504063258774
713,59,Mammals,General,True,0.7269565217391305,5.7276052099930176e-05
714,59,Mammals,Specific,False,0.7375478697754728,2.1096822067577408e-18
715,59,Mammals,Specific,True,0.7928886672933598,1.3440849286807157e-35
716,59,Vehicles,General,False,0.40989025269727336,2.2854321506492394e-05
717,59,Vehicles,General,True,0.9217391304347825,1.613117864881921e-10
718,59,Vehicles,Specific,False,0.7081777713969802,1.7209991191807572e-16
719,59,Vehicles,Specific,True,0.7946600135777534,5.993933119688148e-37
720,60,Birds,General,False,0.1370993890485996,0.17376999731158121
721,60,Birds,General,True,0.7895652173913044,4.493231151919738e-06
722,60,Birds,Specific,False,0.3824363884921499,8.614057661432813e-05
723,60,Birds,Specific,True,0.5697889877446177,1.1316921787745551e-15
724,60,Mammals,General,False,0.26271389996184924,0.008274346754779494
725,60,Mammals,General,True,0.8834782608695652,1.0707392336693714e-08
726,60,Mammals,Specific,False,0.7569619739344612,8.210289806887131e-20
727,60,Mammals,Specific,True,0.8260284452872768,6.179096983126601e-41
728,60,Vehicles,General,False,0.27583298317495236,0.005473590885218484
729,60,Vehicles,General,True,0.9304347826086956,4.6011084183702904e-11
730,60,Vehicles,Specific,False,0.7811787209142572,9.094783774453787e-22
731,60,Vehicles,Specific,True,0.8470978901683304,2.4587660064837994e-46
732,61,Birds,General,False,0.12842042730900466,0.20289800386997012
733,61,Birds,General,True,0.8597521403504329,7.329969005022802e-08
734,61,Birds,Specific,False,0.39046833155273086,5.913453226914437e-05
735,61,Birds,Specific,True,0.5531958853926331,1.0849018903796495e-14
736,61,Mammals,General,False,0.04050054631689891,0.689099243364481
737,61,Mammals,General,True,0.5756521739130435,0.0032464428872563678
738,61,Mammals,Specific,False,0.7629698555386009,2.8250228686551516e-20
739,61,Mammals,Specific,True,0.797781566152738,2.5330561565908975e-36
740,61,Vehicles,General,False,0.34459635909090147,0.0004467368898258665
741,61,Vehicles,General,True,0.9217391304347825,1.613117864881921e-10
742,61,Vehicles,Specific,False,0.7416920016561206,1.0810939691890406e-18
743,61,Vehicles,Specific,True,0.8420439388638286,2.7595372887243338e-45
744,62,Birds,General,False,0.13075205176248764,0.19474952712398388
745,62,Birds,General,True,0.8052173913043478,2.076855508722731e-06
746,62,Birds,Specific,False,0.34566318888865705,0.00042765157426589035
747,62,Birds,Specific,True,0.5966363351922825,2.2057803043627536e-17
748,62,Mammals,General,False,-0.0008436842402639515,0.9933530836227901
749,62,Mammals,General,True,0.6756521739130433,0.00029087233956731965
750,62,Mammals,Specific,False,0.7943100661233017,6.182156502096952e-23
751,62,Mammals,Specific,True,0.7954749354967351,5.5947806373266075e-36
752,62,Vehicles,General,False,0.3519914997004409,0.0003290223916526256
753,62,Vehicles,General,True,0.9478260869565217,2.1090191915644208e-12
754,62,Vehicles,Specific,False,0.7581918632897133,6.616157285132626e-20
755,62,Vehicles,Specific,True,0.8044133764505077,1.7835717954737927e-38
756,63,Birds,General,False,0.10462794853832097,0.30021532748818786
757,63,Birds,General,True,0.7121739130434783,9.472781615467439e-05
758,63,Birds,Specific,False,0.2697268500596853,0.006650629356936803
759,63,Birds,Specific,True,0.54655389540441,2.5901340309229452e-14
760,63,Mammals,General,False,0.14968314611493275,0.13717327020388537
761,63,Mammals,General,True,0.7139130434782608,8.942588394502409e-05
762,63,Mammals,Specific,False,0.7122390912135561,9.675754560343882e-17
763,63,Mammals,Specific,True,0.7956115249486612,5.339834504828377e-36
764,63,Vehicles,General,False,0.4497642129918262,2.6728556496358577e-06
765,63,Vehicles,General,True,0.9382608695652173,1.2845258519229958e-11
766,63,Vehicles,Specific,False,0.809497223531258,2.1391936999861337e-24
767,63,Vehicles,Specific,True,0.8353302312703746,6.026846827963809e-44
768,64,Birds,General,False,0.19067172168902938,0.057404595915916436
769,64,Birds,General,True,0.62,0.0012308328706616477
770,64,Birds,Specific,False,0.35315856785171756,0.0003133037991016836
771,64,Birds,Specific,True,0.5983568063422723,1.6923245710116018e-17
772,64,Mammals,General,False,0.14200281061041,0.15873829991980964
773,64,Mammals,General,True,0.8295652173913043,5.395591947316851e-07
774,64,Mammals,Specific,False,0.779696478109432,1.2176911213144384e-21
775,64,Mammals,Specific,True,0.7829832525710976,3.4484121403639444e-34
776,64,Vehicles,General,False,0.3917731893786668,5.5577628376123345e-05
777,64,Vehicles,General,True,0.9121739130434783,5.480154526238726e-10
778,64,Vehicles,Specific,False,0.7800862513694206,1.1279848925744167e-21
779,64,Vehicles,Specific,True,0.7979262840815778,1.887424798012588e-37
780,65,Birds,General,False,0.05206591498905728,0.6069287906012137
781,65,Birds,General,True,0.7910415494675959,4.18939226125516e-06
782,65,Birds,Specific,False,0.40709595942431004,2.6300241046191195e-05
783,65,Birds,Specific,True,0.5164122971238202,1.0664165382004403e-12
784,65,Mammals,General,False,0.2143088744242326,0.032266978370633144
785,65,Mammals,General,True,0.7419004306716431,3.3311255836816515e-05
786,65,Mammals,Specific,False,0.7770995211418038,2.019541761558811e-21
787,65,Mammals,Specific,True,0.8002424290191942,1.0753364446977814e-36
788,65,Vehicles,General,False,0.2542246696600086,0.010699427944043577
789,65,Vehicles,General,True,0.9191304347826086,2.2852585168619277e-10
790,65,Vehicles,Specific,False,0.7760343823858117,2.480378122541043e-21
791,65,Vehicles,Specific,True,0.8496561668931387,6.991355746441171e-47
792,66,Birds,General,False,0.0813178236694523,0.4212307997936138
793,66,Birds,General,True,0.6243478260869564,0.0011104681099860189
794,66,Birds,Specific,False,0.3143711317198208,0.0014457692871000613
795,66,Birds,Specific,True,0.6377519965666195,2.4677819303704653e-20
796,66,Mammals,General,False,0.2756126589161791,0.005512606836566471
797,66,Mammals,General,True,0.8119156530269389,1.4613256143513739e-06
798,66,Mammals,Specific,False,0.7145982707216783,6.893165691466122e-17
799,66,Mammals,Specific,True,0.7826554588543609,3.828113469001705e-34
800,66,Vehicles,General,False,0.3425187159922473,0.0004861695003594271
801,66,Vehicles,General,True,0.9617391304347825,7.423994544863277e-14
802,66,Vehicles,Specific,False,0.755470791823118,1.0648442951348796e-19
803,66,Vehicles,Specific,True,0.8205305401908859,3.391659227433115e-41
804,67,Birds,General,False,0.16347369450516241,0.10413345443412461
805,67,Birds,General,True,0.7052173913043478,0.00011878974665344476
806,67,Birds,Specific,False,0.3804048337571561,9.459386539906513e-05
807,67,Birds,Specific,True,0.5741846915512153,6.086216741597371e-16
808,67,Mammals,General,False,0.17508939155316086,0.08144422638536938
809,67,Mammals,General,True,0.6826086956521739,0.00023775848063956932
810,67,Mammals,Specific,False,0.7728070818851817,4.592223979284462e-21
811,67,Mammals,Specific,True,0.7936217315457735,1.0497543726211562e-35
812,67,Vehicles,General,False,0.4231613207940658,1.152852640693516e-05
813,67,Vehicles,General,True,0.9539130434782607,5.544061620769687e-13
814,67,Vehicles,Specific,False,0.7961855315192403,4.14433861322665e-23
815,67,Vehicles,Specific,True,0.807028474648219,6.719441813233153e-39
816,68,Birds,General,False,-0.0012187580680671202,0.9903982055000506
817,68,Birds,General,True,0.7269565217391305,5.7276052099930176e-05
818,68,Birds,Specific,False,0.38022418752223813,9.538171874104478e-05
819,68,Birds,Specific,True,0.5589275278575333,5.0403594044749806e-15
820,68,Mammals,General,False,0.1225152165326268,0.22462189776784508
821,68,Mammals,General,True,0.8086956521739129,1.7332836728352724e-06
822,68,Mammals,Specific,False,0.7342145228323136,3.5795343901609414e-18
823,68,Mammals,Specific,True,0.784210314184504,2.3286036660165067e-34
824,68,Vehicles,General,False,0.3058688983208563,0.0019697192488446354
825,68,Vehicles,General,True,0.9165217391304347,3.2005504836752396e-10
826,68,Vehicles,Specific,False,0.7756825631447933,2.6539636947511866e-21
827,68,Vehicles,Specific,True,0.8184650209934279,7.836167551107378e-41
828,69,Birds,General,False,0.0572656017451303,0.5714474632609956
829,69,Birds,General,True,0.7043478260869565,0.00012214433051770487
830,69,Birds,Specific,False,0.40159196771912553,3.455546724994942e-05
831,69,Birds,Specific,True,0.5129865061944788,1.5905340598170314e-12
832,69,Mammals,General,False,0.28021894143073195,0.004746315358409576
833,69,Mammals,General,True,0.8017391304347825,2.4797466868303137e-06
834,69,Mammals,Specific,False,0.7961693023728518,4.1587801923262093e-23
835,69,Mammals,Specific,True,0.7503022929488268,5.097822063811734e-30
836,69,Vehicles,General,False,0.26786084678557553,0.007052496102745393
837,69,Vehicles,General,True,0.9243478260869564,1.1248113620991151e-10
838,69,Vehicles,Specific,False,0.7890781849680251,1.8462695595036026e-22
839,69,Vehicles,Specific,True,0.8204960951133954,3.439659662469134e-41
840,70,Birds,General,False,0.12041870671672078,0.2327144447083855
841,70,Birds,General,True,0.7504347826086956,2.404291401573713e-05
842,70,Birds,Specific,False,0.28483989788085906,0.0040744314395524716
843,70,Birds,Specific,True,0.5387436763473866,7.033960708224826e-14
844,70,Mammals,General,False,0.036664365279329425,0.7172355769654642
845,70,Mammals,General,True,0.7539130434782607,2.0973547635590762e-05
846,70,Mammals,Specific,False,0.762743911371051,2.942349794467529e-20
847,70,Mammals,Specific,True,0.7978085873003437,2.5094987845972572e-36
848,70,Vehicles,General,False,0.35344403225061893,0.00030956587432720627
849,70,Vehicles,General,True,0.9582608695652173,1.9022496036938712e-13
850,70,Vehicles,Specific,False,0.7667378960269702,1.4235659145037033e-20
851,70,Vehicles,Specific,True,0.8146227525679623,3.6181686353387927e-40
852,71,Birds,General,False,0.14249307476181172,0.1572903981360492
853,71,Birds,General,True,0.7808695652173911,6.713540470741476e-06
854,71,Birds,Specific,False,0.43291225991630605,6.84360624629213e-06
855,71,Birds,Specific,True,0.5356157124446048,1.0419553416706567e-13
856,71,Mammals,General,False,-0.030189415548378184,0.7655760377139396
857,71,Mammals,General,True,0.7617391304347826,1.5298017975848137e-05
858,71,Mammals,Specific,False,0.738368551050253,1.8499173144995303e-18
859,71,Mammals,Specific,True,0.7762225496421319,2.8684949796209983e-33
860,71,Vehicles,General,False,0.33296707837660017,0.0007119423529024457
861,71,Vehicles,General,True,0.9591304347826086,1.515138752610249e-13
862,71,Vehicles,Specific,False,0.758259204585033,6.538172517753132e-20
863,71,Vehicles,Specific,True,0.8244837075923315,6.624345804541569e-42
864,72,Birds,General,False,-0.00724344026440033,0.942980206123791
865,72,Birds,General,True,0.8460869565217389,1.9065745320201353e-07
866,72,Birds,Specific,False,0.21968705457114956,0.028080928652838594
867,72,Birds,Specific,True,0.568611246146987,1.3342139333977006e-15
868,72,Mammals,General,False,0.1660577319072088,0.09870077363540776
869,72,Mammals,General,True,0.6575342621192992,0.0004802037992108154
870,72,Mammals,Specific,False,0.7812663226886428,8.938626925749254e-22
871,72,Mammals,Specific,True,0.807394353926114,8.316453513995007e-38
872,72,Vehicles,General,False,0.25806645307795567,0.0095340353737227
873,72,Vehicles,General,True,0.9286956521739129,5.987639321147553e-11
874,72,Vehicles,Specific,False,0.7092269762706714,1.4845009854316398e-16
875,72,Vehicles,Specific,True,0.8145415095597749,3.735682258558904e-40
876,73,Birds,General,False,0.08706850856336185,0.389031090862323
877,73,Birds,General,True,0.6626086956521738,0.000418691439708758
878,73,Birds,Specific,False,0.2874726494118503,0.0037308714907905893
879,73,Birds,Specific,True,0.5605645593360359,4.038261027999438e-15
880,73,Mammals,General,False,0.07218004980505244,0.47543910766210706
881,73,Mammals,General,True,0.7608695652173912,1.5853058572753522e-05
882,73,Mammals,Specific,False,0.7794091166121848,1.2882366075934006e-21
883,73,Mammals,Specific,True,0.7648186310770366,8.687764086254494e-32
884,73,Vehicles,General,False,0.39290485071771886,5.2655437675735365e-05
885,73,Vehicles,General,True,0.9660869565217389,2.0098298746764903e-14
886,73,Vehicles,Specific,False,0.7524999404654183,1.7777830932550255e-19
887,73,Vehicles,Specific,True,0.8080173038362021,4.627357887422239e-39
888,74,Birds,General,False,0.0879809326924474,0.38406135444899103
889,74,Birds,General,True,0.7049358722853069,0.00011986685032608946
890,74,Birds,Specific,False,0.2797927616984245,0.004812996751097227
891,74,Birds,Specific,True,0.6237811701292361,2.780906372236502e-19
892,74,Mammals,General,False,0.1924453320982376,0.055081921448144694
893,74,Mammals,General,True,0.6539130434782607,0.0005287469295676011
894,74,Mammals,Specific,False,0.7116768363525038,1.0484916492618989e-16
895,74,Mammals,Specific,True,0.8214670365994807,3.893774105878961e-40
896,74,Vehicles,General,False,0.4987916507123883,1.2801372670997932e-07
897,74,Vehicles,General,True,0.9313043478260868,4.02303924008105e-11
898,74,Vehicles,Specific,False,0.7826929904277001,6.734213475857068e-22
899,74,Vehicles,Specific,True,0.8554096565661023,3.7868652357088076e-48
900,75,Birds,General,False,0.3051393042659822,0.002021843016866194
901,75,Birds,General,True,0.7417391304347827,3.351314602649341e-05
902,75,Birds,Specific,False,0.419358325145062,1.4067750996492783e-05
903,75,Birds,Specific,True,0.550161941859666,1.618301987547021e-14
904,75,Mammals,General,False,0.25601938564405546,0.010140332283274078
905,75,Mammals,General,True,0.8113043478260868,1.5098226216258118e-06
906,75,Mammals,Specific,False,0.7835729509717558,5.648958217311834e-22
907,75,Mammals,Specific,True,0.8359433253254428,9.330964885874682e-43
908,75,Vehicles,General,False,0.46995305499934104,8.095725845714165e-07
909,75,Vehicles,General,True,0.9452173913043478,3.563267590026003e-12
910,75,Vehicles,Specific,False,0.8017142553652589,1.2436853198535145e-23
911,75,Vehicles,Specific,True,0.8208671071060988,2.9560217110643626e-41
912,76,Birds,General,False,0.19449346944735935,0.05249628771668938
913,76,Birds,General,True,0.7765217391304347,8.151909606749645e-06
914,76,Birds,Specific,False,0.4364181723150207,5.65099887217164e-06
915,76,Birds,Specific,True,0.572978199083842,7.222450973674185e-16
916,76,Mammals,General,False,0.16349167287657568,0.10409486496277753
917,76,Mammals,General,True,0.8162644246018018,1.1544964185573102e-06
918,76,Mammals,Specific,False,0.7319403851575781,5.111031054201066e-18
919,76,Mammals,Specific,True,0.8056455368934116,1.5704020797748805e-37
920,76,Vehicles,General,False,0.394183809673975,4.9525691223954855e-05
921,76,Vehicles,General,True,0.9449880632177493,3.726811720854134e-12
922,76,Vehicles,Specific,False,0.8156247386069566,5.049842918360736e-25
923,76,Vehicles,Specific,True,0.8241967156700334,7.468458553510714e-42
924,77,Birds,General,False,0.05002836896016841,0.6210917893672292
925,77,Birds,General,True,0.8565217391304346,9.26929382707582e-08
926,77,Birds,Specific,False,0.31696034709620163,0.0013134571273033624
927,77,Birds,Specific,True,0.5606892209211053,3.9704696054123755e-15
928,77,Mammals,General,False,0.15901658776568406,0.11405048727614497
929,77,Mammals,General,True,0.7932159352550275,3.775082020156861e-06
930,77,Mammals,Specific,False,0.7113988415981771,1.090887654494952e-16
931,77,Mammals,Specific,True,0.7901429739074474,3.362375657321511e-35
932,77,Vehicles,General,False,0.25969394811576907,0.009074955160063106
933,77,Vehicles,General,True,0.9452173913043478,3.563267590026003e-12
934,77,Vehicles,Specific,False,0.7745661835953872,3.2867179181986416e-21
935,77,Vehicles,Specific,True,0.8642187595838182,3.3827040501810287e-50
936,78,Birds,General,False,0.03834562097158315,0.7048552703963556
937,78,Birds,General,True,0.6739130434782608,0.0003056600303861522
938,78,Birds,Specific,False,0.319366430800876,0.0012004665559434307
939,78,Birds,Specific,True,0.5858741024886709,1.1170456133823642e-16
940,78,Mammals,General,False,-0.021353178516688883,0.8329877850178944
941,78,Mammals,General,True,0.7756521739130434,8.470310547138325e-06
942,78,Mammals,Specific,False,0.7217414579237545,2.4173242361081997e-17
943,78,Mammals,Specific,True,0.821352466733047,4.075272565417472e-40
944,78,Vehicles,General,False,0.3101120330841782,0.0016899259417642312
945,78,Vehicles,General,True,0.9521739130434782,8.265140116690649e-13
946,78,Vehicles,Specific,False,0.7402658990357994,1.3627092411959454e-18
947,78,Vehicles,Specific,True,0.8375970535080886,2.1614105842513996e-44
948,79,Birds,General,False,0.0942314389813822,0.35105528773740835
949,79,Birds,General,True,0.686086956521739,0.00021452533237049365
950,79,Birds,Specific,False,0.4188749029020772,1.4425780762068284e-05
951,79,Birds,Specific,True,0.6100023481251095,2.6981902213110215e-18
952,79,Mammals,General,False,0.2363345451914858,0.01791979246335667
953,79,Mammals,General,True,0.7530434782608695,2.1706524916784425e-05
954,79,Mammals,Specific,False,0.8002893096519608,1.7021735929284404e-23
955,79,Mammals,Specific,True,0.7956557306302888,5.259798444323935e-36
956,79,Vehicles,General,False,0.3668966297570673,0.00017357685472667544
957,79,Vehicles,General,True,0.9626086956521739,5.788561169509911e-14
958,79,Vehicles,Specific,False,0.7585177051730345,6.247032730868578e-20
959,79,Vehicles,Specific,True,0.8164695064039128,1.7422149721662325e-40
960,80,Birds,General,False,0.09712803698165515,0.33637906350312796
961,80,Birds,General,True,0.6840617687259639,0.00022779914992559897
962,80,Birds,Specific,False,0.23606863421650587,0.018052975335803807
963,80,Birds,Specific,True,0.5783515642581505,3.3515985399339957e-16
964,80,Mammals,General,False,0.12142674936501381,0.2287983270861552
965,80,Mammals,General,True,0.84,2.835044982292681e-07
966,80,Mammals,Specific,False,0.8069861107417503,3.807871379083951e-24
967,80,Mammals,Specific,True,0.826750631121722,4.594266521112196e-41
968,80,Vehicles,General,False,0.3840136193055542,8.006821400366828e-05
969,80,Vehicles,General,True,0.937391304347826,1.4920392804576644e-11
970,80,Vehicles,Specific,False,0.7555918415263795,1.0426754324244285e-19
971,80,Vehicles,Specific,True,0.8203149071801794,3.703380486522087e-41
972,81,Birds,General,False,0.0012035825347271071,0.9905177579849416
973,81,Birds,General,True,0.7626086956521738,1.4760221055011343e-05
974,81,Birds,Specific,False,0.3363994154591023,0.0006216178808180541
975,81,Birds,Specific,True,0.5596605760405645,4.5647736862182824e-15
976,81,Mammals,General,False,0.041444913737806496,0.6822355202973549
977,81,Mammals,General,True,0.7982608695652172,2.9507045111996198e-06
978,81,Mammals,Specific,False,0.7830005496480238,6.333631241212402e-22
979,81,Mammals,Specific,True,0.8219320312603992,3.235354013260943e-40
980,81,Vehicles,General,False,0.328111399457438,0.0008603014722235751
981,81,Vehicles,General,True,0.9486956521739129,1.7601878580747325e-12
982,81,Vehicles,Specific,False,0.7854360248745468,3.8833368455611154e-22
983,81,Vehicles,Specific,True,0.8569453098012787,1.7021774333765053e-48
984,82,Birds,General,False,0.07728378100329766,0.44470911271741875
985,82,Birds,General,True,0.7906066723101097,4.2769380787735324e-06
986,82,Birds,Specific,False,0.3189098025517064,0.0012212050815360081
987,82,Birds,Specific,True,0.6012149945655697,1.0858614514494328e-17
988,82,Mammals,General,False,0.05859044329371892,0.5625649270324278
989,82,Mammals,General,True,0.7826086956521738,6.204412590136936e-06
990,82,Mammals,Specific,False,0.7460787727425444,5.253144154786452e-19
991,82,Mammals,Specific,True,0.7622967582910687,1.799648264365722e-31
992,82,Vehicles,General,False,0.37548291862021455,0.00011837495298251296
993,82,Vehicles,General,True,0.9521739130434782,8.265140116690649e-13
994,82,Vehicles,Specific,False,0.7447813651677079,6.513076310020593e-19
995,82,Vehicles,Specific,True,0.8492593769775743,8.510074235979495e-47
996,83,Birds,General,False,0.0011797267229015896,0.9907056939167183
997,83,Birds,General,True,0.6817391304347826,0.00024389796569132728
998,83,Birds,Specific,False,0.3506140669656793,0.00034850770989016387
999,83,Birds,Specific,True,0.5755348071511291,5.021103687193591e-16
1000,83,Mammals,General,False,0.20969693372405404,0.036264756486030114
1001,83,Mammals,General,True,0.748695652173913,2.5721150220759527e-05
1002,83,Mammals,Specific,False,0.7797609222206987,1.2023945667438718e-21
1003,83,Mammals,Specific,True,0.7886924777629061,5.427773967066939e-35
1004,83,Vehicles,General,False,0.3669706596361572,0.00017301283746133243
1005,83,Vehicles,General,True,0.9391304347826085,1.1034610116370757e-11
1006,83,Vehicles,Specific,False,0.7703984708646819,7.224733338496615e-21
1007,83,Vehicles,Specific,True,0.820164779549505,3.9368966391993637e-41
1008,84,Birds,General,False,0.0491964708169645,0.6269147075475769
1009,84,Birds,General,True,0.7519026052938282,2.270243048221969e-05
1010,84,Birds,Specific,False,0.2562477674079057,0.010071055987916681
1011,84,Birds,Specific,True,0.5970998503892221,2.0541230763006615e-17
1012,84,Mammals,General,False,0.16270056998767585,0.10580353016105644
1013,84,Mammals,General,True,0.7417391304347827,3.351314602649341e-05
1014,84,Mammals,Specific,False,0.8071247319664279,3.689380151865526e-24
1015,84,Mammals,Specific,True,0.8045371493291932,2.34172494556668e-37
1016,84,Vehicles,General,False,0.4576102337214099,1.6955592988281774e-06
1017,84,Vehicles,General,True,0.919330310926057,2.226001496173804e-10
1018,84,Vehicles,Specific,False,0.7511652697658572,2.2328481216491515e-19
1019,84,Vehicles,Specific,True,0.8303430169166328,5.451455064870757e-43
1020,85,Birds,General,False,0.04031810208480808,0.6904281900421607
1021,85,Birds,General,True,0.7313043478260869,4.909793141027189e-05
1022,85,Birds,Specific,False,0.3559802390046796,0.0002781162890475228
1023,85,Birds,Specific,True,0.545614771601987,2.9247495277494645e-14
1024,85,Mammals,General,False,0.20025219925183851,0.045756959484484896
1025,85,Mammals,General,True,0.7086956521739128,0.00010616350972290819
1026,85,Mammals,Specific,False,0.7688519276733482,9.636686117982982e-21
1027,85,Mammals,Specific,True,0.8342594921827361,1.9392485441501486e-42
1028,85,Vehicles,General,False,0.3995659499731141,3.816235363582461e-05
1029,85,Vehicles,General,True,0.96,1.2008078777180257e-13
1030,85,Vehicles,Specific,False,0.7491438848469126,3.1447210807123547e-19
1031,85,Vehicles,Specific,True,0.844979515932739,6.84610131670116e-46
1032,86,Birds,General,False,0.19364709475229114,0.053552400360935934
1033,86,Birds,General,True,0.7965217391304347,3.2147317367417936e-06
1034,86,Birds,Specific,False,0.3489920011924565,0.0003728136811275111
1035,86,Birds,Specific,True,0.5207988436822131,6.349902095460839e-13
1036,86,Mammals,General,False,0.2625155423075009,0.00832495596814456
1037,86,Mammals,General,True,0.7895652173913044,4.493231151919738e-06
1038,86,Mammals,Specific,False,0.7921929027770909,9.661811072963298e-23
1039,86,Mammals,Specific,True,0.8082152928311614,6.156955745900057e-38
1040,86,Vehicles,General,False,0.35042506725150313,0.00035126270571858787
1041,86,Vehicles,General,True,0.9410741688003725,7.792710870333313e-12
1042,86,Vehicles,Specific,False,0.7296627244623077,7.27548426431824e-18
1043,86,Vehicles,Specific,True,0.8220349012820487,1.8305199073751735e-41
1044,87,Birds,General,False,0.0864048176117799,0.3926701350273015
1045,87,Birds,General,True,0.7252173913043477,6.08681493185104e-05
1046,87,Birds,Specific,False,0.43038852695997054,7.844734279495915e-06
1047,87,Birds,Specific,True,0.631327773089445,7.631919066869955e-20
1048,87,Mammals,General,False,0.05679358512909072,0.5746279406264585
1049,87,Mammals,General,True,0.6918895575607176,0.00018015142902865164
1050,87,Mammals,Specific,False,0.814054625602906,7.347389590688851e-25
1051,87,Mammals,Specific,True,0.8100959134392485,3.0751123656165734e-38
1052,87,Vehicles,General,False,0.4156554672548774,1.7037311434929487e-05
1053,87,Vehicles,General,True,0.9236790825009201,1.2352296197488426e-10
1054,87,Vehicles,Specific,False,0.7610921194438622,3.956366310670608e-20
1055,87,Vehicles,Specific,True,0.8280030746056234,1.4947902706501094e-42
1056,88,Birds,General,False,0.13523031356396342,0.1797671273005782
1057,88,Birds,General,True,0.7356521739130434,4.196454130492341e-05
1058,88,Birds,Specific,False,0.36642218306112906,0.00017723216744091133
1059,88,Birds,Specific,True,0.5223059446938783,5.30468879435024e-13
1060,88,Mammals,General,False,0.2995393530206845,0.0024652672033679286
1061,88,Mammals,General,True,0.7695652173913042,1.1025001346267028e-05
1062,88,Mammals,Specific,False,0.7447572805086969,6.539041331250031e-19
1063,88,Mammals,Specific,True,0.8198734723388771,7.316631200343228e-40
1064,88,Vehicles,General,False,0.4052586393218222,2.8824905185167487e-05
1065,88,Vehicles,General,True,0.9608695652173912,9.46751007259196e-14
1066,88,Vehicles,Specific,False,0.7666176457527424,1.455333598984672e-20
1067,88,Vehicles,Specific,True,0.8460245069690114,4.139027308949468e-46
1068,89,Birds,General,False,0.15470379516688237,0.12432856408669818
1069,89,Birds,General,True,0.6947826086956521,0.00016488547980470365
1070,89,Birds,Specific,False,0.3484853032995534,0.0003807202776459273
1071,89,Birds,Specific,True,0.5908520567837225,5.31448711188964e-17
1072,89,Mammals,General,False,0.27428749961818144,0.005752527517495996
1073,89,Mammals,General,True,0.7417391304347827,3.351314602649341e-05
1074,89,Mammals,Specific,False,0.7522225894074758,1.864227946759853e-19
1075,89,Mammals,Specific,True,0.809222375313219,4.2493704311458644e-38
1076,89,Vehicles,General,False,0.35404208163544815,0.0003018678125405247
1077,89,Vehicles,General,True,0.9539130434782607,5.544061620769687e-13
1078,89,Vehicles,Specific,False,0.7647569044280782,2.0443332224027876e-20
1079,89,Vehicles,Specific,True,0.8384571329848088,1.4586954294676282e-44
1080,90,Birds,General,False,0.03682458501614329,0.716052544567854
1081,90,Birds,General,True,0.565775181889688,0.00395714261000327
1082,90,Birds,Specific,False,0.09783675612369222,0.3328482479204542
1083,90,Birds,Specific,True,0.6068471820368436,4.470407905171938e-18
1084,90,Mammals,General,False,0.08286354117634068,0.4124280419375961
1085,90,Mammals,General,True,0.8147826086956521,1.2518884705729718e-06
1086,90,Mammals,Specific,False,0.7547601374482064,1.2045373051331167e-19
1087,90,Mammals,Specific,True,0.8136730153674632,8.035133437967794e-39
1088,90,Vehicles,General,False,0.48643862348724315,2.879862424306814e-07
1089,90,Vehicles,General,True,0.9234782608695651,1.2702470317295964e-10
1090,90,Vehicles,Specific,False,0.760132529464287,4.6938661589377726e-20
1091,90,Vehicles,Specific,True,0.8333151952123069,1.4802339616394718e-43
1092,91,Birds,General,False,0.08850620274168626,0.3812177768617696
1093,91,Birds,General,True,0.8267014763814732,6.389870729553362e-07
1094,91,Birds,Specific,False,0.22330391743923164,0.025532847104585154
1095,91,Birds,Specific,True,0.5488224653430259,1.928312965667969e-14
1096,91,Mammals,General,False,0.1935620419716241,0.05365948896773565
1097,91,Mammals,General,True,0.7121739130434783,9.472781615467439e-05
1098,91,Mammals,Specific,False,0.7775986925364511,1.833369256105709e-21
1099,91,Mammals,Specific,True,0.7877572620900973,7.376508276916454e-35
1100,91,Vehicles,General,False,0.2604999662515964,0.008854876293233208
1101,91,Vehicles,General,True,0.9626086956521739,5.788561169509911e-14
1102,91,Vehicles,Specific,False,0.7710493026211714,6.3955989685911745e-21
1103,91,Vehicles,Specific,True,0.823039403406875,1.2087109107194375e-41
1104,92,Birds,General,False,-0.009016634577615602,0.929054468681007
1105,92,Birds,General,True,0.8591304347826085,7.672131009844975e-08
1106,92,Birds,Specific,False,0.35239145400996763,0.0003235556015603269
1107,92,Birds,Specific,True,0.6087676009224496,3.2898369611417684e-18
1108,92,Mammals,General,False,0.13511476994482607,0.18014277081370972
1109,92,Mammals,General,True,0.7834782608695651,5.962929905104146e-06
1110,92,Mammals,Specific,False,0.6960253532787256,9.105466803208934e-16
1111,92,Mammals,Specific,True,0.7874571481778874,8.136958039156699e-35
1112,92,Vehicles,General,False,0.47784545102444265,4.969158178992476e-07
1113,92,Vehicles,General,True,0.9113043478260868,6.082201798284105e-10
1114,92,Vehicles,Specific,False,0.7728181406426351,4.582620908211399e-21
1115,92,Vehicles,Specific,True,0.8509402827930138,3.6861982546230105e-47
1116,93,Birds,General,False,0.14662699425355277,0.14547122223131131
1117,93,Birds,General,True,0.8227875819640965,8.012463870513376e-07
1118,93,Birds,Specific,False,0.3069959281010018,0.001891585761553122
1119,93,Birds,Specific,True,0.5683313656867358,1.3873127606881081e-15
1120,93,Mammals,General,False,0.1641269008214547,0.10273855308317537
1121,93,Mammals,General,True,0.6930434782608694,0.0001739207807186818
1122,93,Mammals,Specific,False,0.7797944571685825,1.1945088154298156e-21
1123,93,Mammals,Specific,True,0.8085595503854058,5.425297461685831e-38
1124,93,Vehicles,General,False,0.3314993751060103,0.0007541092397038955
1125,93,Vehicles,General,True,0.9434782608695651,4.984286809250041e-12
1126,93,Vehicles,Specific,False,0.7186458074676819,3.8218707663112104e-17
1127,93,Vehicles,Specific,True,0.8395938238348393,8.644240016480853e-45
1128,94,Birds,General,False,0.07237801916050822,0.4742261320104134
1129,94,Birds,General,True,0.8156521739130433,1.1938860990183272e-06
1130,94,Birds,Specific,False,0.5263276441099943,1.863971251915425e-08
1131,94,Birds,Specific,True,0.5386618426817718,7.107010078126218e-14
1132,94,Mammals,General,False,0.2049789599833953,0.04077648563336184
1133,94,Mammals,General,True,0.6982608695652174,0.00014803602074787444
1134,94,Mammals,Specific,False,0.774053077650239,3.6246651093589184e-21
1135,94,Mammals,Specific,True,0.7852974259207209,1.640920334369137e-34
1136,94,Vehicles,General,False,0.3672843309488636,0.000170641821255318
1137,94,Vehicles,General,True,0.9356521739130433,2.0003834100038692e-11
1138,94,Vehicles,Specific,False,0.7120534078595591,9.936035211479472e-17
1139,94,Vehicles,Specific,True,0.846696630926184,2.9886333460923443e-46
1140,95,Birds,General,False,-0.0033290707084232497,0.9737764647992084
1141,95,Birds,General,True,0.7939130434782607,3.65018668087494e-06
1142,95,Birds,Specific,False,0.46900659790557125,8.576723224631191e-07
1143,95,Birds,Specific,True,0.5414092744243547,5.0162374686301035e-14
1144,95,Mammals,General,False,0.11507934178542177,0.25423732650891306
1145,95,Mammals,General,True,0.6956521739130433,0.00016052349355551526
1146,95,Mammals,Specific,False,0.7890546219055968,1.8552592308695282e-22
1147,95,Mammals,Specific,True,0.791782513086696,1.947950123835915e-35
1148,95,Vehicles,General,False,0.42415582897690873,1.093940148467739e-05
1149,95,Vehicles,General,True,0.9286956521739129,5.987639321147553e-11
1150,95,Vehicles,Specific,False,0.7813034588216753,8.873219513577006e-22
1151,95,Vehicles,Specific,True,0.8153794879037874,2.684509659863531e-40
1152,96,Birds,General,False,0.1888683093588414,0.05984790755163204
1153,96,Birds,General,True,0.8304347826086955,5.122345587687936e-07
1154,96,Birds,Specific,False,0.29907260731135943,0.002505915439630745
1155,96,Birds,Specific,True,0.5416320948966893,4.875805528333475e-14
1156,96,Mammals,General,False,0.29093956794361125,0.0033180792411032153
1157,96,Mammals,General,True,0.7191304347826086,7.504696733116017e-05
1158,96,Mammals,Specific,False,0.8065220918021421,4.232115305199304e-24
1159,96,Mammals,Specific,True,0.7733935032277662,6.810251727152273e-33
1160,96,Vehicles,General,False,0.33719760964867296,0.000602176955862839
1161,96,Vehicles,General,True,0.9391304347826085,1.1034610116370757e-11
1162,96,Vehicles,Specific,False,0.7495595702725436,2.9316616649564986e-19
1163,96,Vehicles,Specific,True,0.8223750081896826,1.591004911585038e-41
1164,97,Birds,General,False,0.10500246228816304,0.2984790253577671
1165,97,Birds,General,True,0.7069565217391304,0.00011232149069224439
1166,97,Birds,Specific,False,0.3101723713742545,0.0016862209865810408
1167,97,Birds,Specific,True,0.5310039131380643,1.8461360778593462e-13
1168,97,Mammals,General,False,0.25118973009928225,0.011706418986638973
1169,97,Mammals,General,True,0.5736029707244414,0.003384256683710927
1170,97,Mammals,Specific,False,0.7526214384885308,1.7411539923843604e-19
1171,97,Mammals,Specific,True,0.8017461709880761,6.332852050158537e-37
1172,97,Vehicles,General,False,0.4177837034410665,1.5265630118527557e-05
1173,97,Vehicles,General,True,0.9495652173913043,1.4644153248304371e-12
1174,97,Vehicles,Specific,False,0.8233586958195841,7.548219578129251e-26
1175,97,Vehicles,Specific,True,0.8563748310025245,2.2934278687866536e-48
1176,98,Birds,General,False,0.09144813059724882,0.3655279260889581
1177,98,Birds,General,True,0.7623396570734996,1.4924798359823615e-05
1178,98,Birds,Specific,False,0.2709486658279373,0.006398606036258847
1179,98,Birds,Specific,True,0.5255625264668855,3.5856044632085815e-13
1180,98,Mammals,General,False,0.14086249286850674,0.16214439599910496
1181,98,Mammals,General,True,0.7349423961518622,4.3062715320941974e-05
1182,98,Mammals,Specific,False,0.7585118133060205,6.253525881302095e-20
1183,98,Mammals,Specific,True,0.7622591261209473,1.8191876452085226e-31
1184,98,Vehicles,General,False,0.4035942972216419,3.1305973628843644e-05
1185,98,Vehicles,General,True,0.9199999999999999,2.037424643847237e-10
1186,98,Vehicles,Specific,False,0.769253164994622,8.944653210427207e-21
1187,98,Vehicles,Specific,True,0.84372034817586,1.2492362814510997e-45
1188,99,Birds,General,False,0.12203183312688616,0.22646996220238896
1189,99,Birds,General,True,0.8678260869565216,3.971082277670902e-08
1190,99,Birds,Specific,False,0.4005895174200938,3.6298290671228254e-05
1191,99,Birds,Specific,True,0.5615578309719188,3.5279789975186944e-15
1192,99,Mammals,General,False,0.25934688172798814,0.009171191149080552
1193,99,Mammals,General,True,0.8626086956521738,5.927053488103268e-08
1194,99,Mammals,Specific,False,0.826813529832717,3.133464011752993e-26
1195,99,Mammals,Specific,True,0.8063687145915067,1.2083407137649157e-37
1196,99,Vehicles,General,False,0.5044156767632614,8.755762967699484e-08
1197,99,Vehicles,General,True,0.9469565217391304,2.519266865368467e-12
1198,99,Vehicles,Specific,False,0.7585649046697414,6.195252493381316e-20
1199,99,Vehicles,Specific,True,0.8445293014076031,8.49380025409797e-46
